inicializacao, multiplicacao, finalizacao, total, threads
0.005624, 3.483351, 0.001614, 3.490589, seq
0.003766, 3.480884, 0.001312, 3.485963, seq
0.002108, 3.501307, 0.001358, 3.504773, seq
0.002064, 3.507335, 0.000916, 3.510315, seq
0.002095, 3.466902, 0.001168, 3.470166, seq
